@,austen,@austen
@,ascottjames,@ascottjames
@,jdanger9,@jdanger9
@,spencergardner,@spencergardner
@,dallenallred,@dallenallred
@,colthenrie,@colthenrie
@,gabegundie,@gabegundie
@,nickchuckwalter,@nickchuckwalter
@,calebhicks,@calebhicks
@,whitingjess,@whitingjess
@,peterc,@peterc
@,daniellemorrill,@daniellemorrill
@,njquigley,@njquigley
@,brockneilson,@brockneilson
@,Jarsen,@Jarsen
@,ryan_holdaway,@ryan_holdaway
@,saxy_josh,@saxy_josh
@,ttrenton178,@ttrenton178
@,jisraelturner,@jisraelturner
@,sunjieming,@sunjieming
@,soccerboyjoe,@soccerboyjoe
@,jasonalmaturner,@jasonalmaturner
@,geekwithsoul,@geekwithsoul
@,emhoehne,@emhoehne
@,farbodsaraf,@farbodsaraf
@,lambdaschool,@lambdaschool
@,andrewyng,@andrewyng
@,lukemillar,@lukemillar
@,dnsbty,@dnsbty
@,davidsven,@davidsven
@,jakejmiles,@jakejmiles
@,tanner_r_young,@tanner_r_young
@,waderyan_,@waderyan_
@,chrisfosterelli,@chrisfosterelli
@,joelgrus,@joelgrus
@,andrewfierce,@andrewfierce
@,sahelanth,@sahelanth
@,theannagat,@theannagat
@,chrisalbon,@chrisalbon
@,karpathy,@karpathy
@,fchollet,@fchollet
@,jeremyphoward,@jeremyphoward
@,withfries2,@withfries2
@,dataandpolitics,@dataandpolitics
@,advil,@advil
@,Ketanj0,@Ketanj0
@,bentaylordata,@bentaylordata
@,akarp,@akarp
@,boredyannlecun,@boredyannlecun
@,kdnuggets,@kdnuggets
@,nasadata,@nasadata
@,jasonyo,@jasonyo
@,fivethirtyeight,@fivethirtyeight
@,pwang,@pwang
@,dynamicwebpaige,@dynamicwebpaige
@,cpulisic_10,@cpulisic_10
@,alexilalas,@alexilalas
@,grantwahl,@grantwahl
@,taylortwellman,@taylortwellman
@,billgates,@billgates
@,brianlogan7,@brianlogan7
@,unicornfuneral,@unicornfuneral
@,jessfraz,@jessfraz
@,comfortablysmug,@comfortablysmug
@,boneyfuller,@boneyfuller
@,mattdoyle76,@mattdoyle76
@,tylerwillis,@tylerwillis
@,benedictevans,@benedictevans
@,kt_so_it_goes,@kt_so_it_goes
@,jozy_altidore,@jozy_altidore
@,pessimistsarc,@pessimistsarc
@,lynnae_a,@lynnae_a
@,asteroid_saku,@asteroid_saku
@,internetofshit,@internetofshit
@,elonmusk,@elonmusk
@,levie,@levie
@,bertonearnshaw,@bertonearnshaw
@,nickszabo4,@nickszabo4
@,noahpinion,@noahpinion
@,cahlan,@cahlan
@,gregwrubell,@gregwrubell
@,spacex,@spacex
@,ryanhamblin,@ryanhamblin
@,ste_grider,@ste_grider
@,tylermcginnis,@tylermcginnis
@,byusportsnation,@byusportsnation
@,postjimmer,@postjimmer
@,shl,@shl
@,andrewchen,@andrewchen
@,adamdangelo,@adamdangelo
@,pattymo,@pattymo
@,fred_delicious,@fred_delicious
@,bill_nye_tho,@bill_nye_tho
@,mattyglesias,@mattyglesias
@,pixelatedboat,@pixelatedboat
@,jonnysun,@jonnysun
@,3blue1brown,@3blue1brown
@,bean_coins,@bean_coins
@,shutupmikeginn,@shutupmikeginn
@,sortabad,@sortabad
@,dhh,@dhh
@,typesfast,@typesfast
@,typesfaster,@typesfaster
@,iamdevloper,@iamdevloper
@,cmdr_hadfield,@cmdr_hadfield
@,collision,@collision
@,patrickc,@patrickc
@,prestonjbyrne,@prestonjbyrne
@,ditzkoff,@ditzkoff
@,ohnoshetwitnt,@ohnoshetwitnt
@,goldengateblond,@goldengateblond
@,paulg,@paulg
@,jesslivingston,@jesslivingston
@,mrmedina,@mrmedina
@,sama,@sama
@,ctzn5,@ctzn5
@,astrokatie,@astrokatie
@,trengriffin,@trengriffin
@,naval,@naval
@,dorrismccomics,@dorrismccomics
@,bryce,@bryce
@,bluebrethren,@bluebrethren
@,jon_bois,@jon_bois
@,davedittell,@davedittell
@,hankrsmith,@hankrsmith
@,levelsio,@levelsio
@,cdixon,@cdixon
@,byuallblue,@byuallblue
@,sonyaellenmann,@sonyaellenmann
@,armadsen,@armadsen
@,dan_abramov,@dan_abramov
@,sydniejuniper,@sydniejuniper
@,patio11,@patio11
@,senatorshoshana,@senatorshoshana
@,altimor,@altimor
@,webdevmason,@webdevmason
@,zackkanter,@zackkanter
@,badastronomer,@badastronomer
@,devonzuegel,@devonzuegel
@,jason,@jason
@,boringcompany,@boringcompany
@,brendaneich,@brendaneich
@,bryan_caplan,@bryan_caplan
@,keith_wasserman,@keith_wasserman
@,jabrils_,@jabrils_
@,heathwblack,@heathwblack
@,thogge,@thogge
@,lpolovets,@lpolovets
@,chrisesplin,@chrisesplin
@,tommycollison,@tommycollison
@,reformedbroker,@reformedbroker
@,karaswisher,@karaswisher
@,waltmossberg,@waltmossberg
@,pmarca,@pmarca
@,beejjorgensen,@beejjorgensen
@,mkbhd,@mkbhd
@,stephenathome,@stephenathome
@,starsstripesfc,@starsstripesfc
@,jlhenriod,@jlhenriod
@,grahammcbain,@grahammcbain
@,josegenius,@josegenius
@,drbillnye,@drbillnye
@,solderjs,@solderjs
@,danteocualesjr,@danteocualesjr
@,jwdanner,@jwdanner
@,adamsinger,@adamsinger
@,rrherr,@rrherr
@,saashapina,@saashapina
@,amberlyasay,@amberlyasay
@,boblauer,@boblauer
@,ercasadun,@ercasadun
@,tedpetrou,@tedpetrou
@,pdlcomics,@pdlcomics
@,grantgardner359,@grantgardner359
@,dog_rates,@dog_rates
@,murrman5,@murrman5
@,shaunmmaguire,@shaunmmaguire
@,jakevdp,@jakevdp
@,tylercowen,@tylercowen
@,ne0liberal,@ne0liberal
@,tesla,@tesla
@,justinkan,@justinkan
@,cyantist,@cyantist
@,indievc,@indievc
@,thebigknell,@thebigknell
@,beejlambda,@beejlambda
@,zck,@zck
@,byuecon,@byuecon
@,sscondie,@sscondie
@,careercoachkels,@careercoachkels
@,trevmckendrick,@trevmckendrick
@,snowden,@snowden
@,djsnm,@djsnm
@,heerjeet,@heerjeet
@,pt,@pt
@,rabois,@rabois
@,modestproposal1,@modestproposal1
@,drob,@drob
@,mitchellbwright,@mitchellbwright
@,humansoflambda,@humansoflambda
@,dustint314,@dustint314
@,barnwoodframes,@barnwoodframes
@,gumroad,@gumroad
@,landeenhannah,@landeenhannah
@,colinobrady,@colinobrady
@,eriktorenberg,@eriktorenberg
@,rrhoover,@rrhoover
@,jaltma,@jaltma
@,space_station,@space_station
@,hunterwalk,@hunterwalk
@,tatianamcgrath,@tatianamcgrath
@,runvc,@runvc
@,emmawedekind,@emmawedekind
@,jannelyse,@jannelyse
@,bilalfarooqui,@bilalfarooqui
@,trentmano,@trentmano
@,krommenhoek,@krommenhoek
@,jkhowland,@jkhowland
@,gilbertglee,@gilbertglee
@,chamath,@chamath
@,austenallred,@austenallred
@,markrober,@markrober
@,akgrenier,@akgrenier
@,brentjanderson,@brentjanderson
@,courtneyu88,@courtneyu88
@,gabrielcabrejas,@gabrielcabrejas
@,jocelynrobancho,@jocelynrobancho
@,jzamorano24,@jzamorano24
@,rymurray11,@rymurray11
@,fredwilson,@fredwilson
@,mlevchin,@mlevchin
@,a16z,@a16z
@,bgurley,@bgurley
@,sacca,@sacca
@,datascienceryan,@datascienceryan
@,iammerrick,@iammerrick
@,ryanflorence,@ryanflorence
@,mwseibel,@mwseibel
@,nasa,@nasa
@,chieffhiwa,@chieffhiwa
@,kellymneilson,@kellymneilson
@,hgandreasen,@hgandreasen
@,justsml,@justsml
@,moskov,@moskov
@,stewartbrand,@stewartbrand
@,id_aa_carmack,@id_aa_carmack
@,natfriedman,@natfriedman
@,bhorowitz,@bhorowitz
@,davemcclure,@davemcclure
@,bjc290,@bjc290
@,alexiaohanian,@alexiaohanian
@,cindybisv,@cindybisv
@,jess,@jess
@,tprophet,@tprophet
@,lambdanursing,@lambdanursing
@,jacob_wagstaff,@jacob_wagstaff
@,lambdanursing,@lambdanursing
@,ferrousguy,@ferrousguy
@,random_entropy,@random_entropy
@,paulsolt,@paulsolt
@,c_forehand,@c_forehand
@,melissakark_,@melissakark_
@,spencercurtis,@spencercurtis
@,danielfrehner,@danielfrehner
@,rad_milk,@rad_milk
@,dubstep4dads,@dubstep4dads
@,tastefactory,@tastefactory
@,buckyisotope,@buckyisotope
@,garthallred,@garthallred
@,io_hal,@io_hal
@,notechjoshua,@notechjoshua
@,startupljackson,@startupljackson
@,laura_walter22,@laura_walter22
@,codinghorror,@codinghorror
@,msuster,@msuster
@,bfeld,@bfeld
@,jasonlk,@jasonlk
@,timurmeyster,@timurmeyster
@,rossallred,@rossallred
@,treytk3,@treytk3
@,codyslab,@codyslab
@,balajis,@balajis
@,stationcdrkelly,@stationcdrkelly
@,natesilver538,@natesilver538